produce_id,subtype_name,origin_state,taste_profile,scientific_name,marathi_name,description,info
1,Alphonso (Hapus),Maharashtra,"Sweet, aromatic, rich saffron flavour, low fibre",Mangifera indica cv. Alphonso,Hapus,GI-tagged variety from Ratnagiri & Sindhudurg; considered the king of mangoes; peak season April–May; ideal for pulp and fresh consumption.,"GI-tagged variety from Ratnagiri & Sindhudurg; considered the king of mangoes; peak season April–May; ideal for pulp and fresh consumption.

Scientific name: Mangifera indica cv. Alphonso

Origin: Maharashtra

Taste profile: Sweet, aromatic, rich saffron flavour, low fibre

Marathi name: Hapus"
1,Kesar,Gujarat/Maharashtra,"Sweet, less fibrous, deep orange pulp",Mangifera indica cv. Kesar,Kesar,Grown in Aurangabad and Marathwada; second most exported variety; saffron-coloured pulp; season May–June.,"Grown in Aurangabad and Marathwada; second most exported variety; saffron-coloured pulp; season May–June.

Scientific name: Mangifera indica cv. Kesar

Origin: Gujarat/Maharashtra

Taste profile: Sweet, less fibrous, deep orange pulp

Marathi name: Kesar"
1,Langra,Uttar Pradesh/Maharashtra,"Sweet-sour, green skin, rich flavour",Mangifera indica cv. Langra,Langra,Grown in Nashik and Pune regions; medium-large fruit; greenish skin even when ripe.,"Grown in Nashik and Pune regions; medium-large fruit; greenish skin even when ripe.

Scientific name: Mangifera indica cv. Langra

Origin: Uttar Pradesh/Maharashtra

Taste profile: Sweet-sour, green skin, rich flavour

Marathi name: Langra"
1,Dasheri,Uttar Pradesh/Maharashtra,"Sweet, fibrous, aromatic",Mangifera indica cv. Dasheri,Dasheri,Long fruit with thin skin; grown in Vidarbha; season June–July.,"Long fruit with thin skin; grown in Vidarbha; season June–July.

Scientific name: Mangifera indica cv. Dasheri

Origin: Uttar Pradesh/Maharashtra

Taste profile: Sweet, fibrous, aromatic

Marathi name: Dasheri"
1,Totapuri,South India/Maharashtra,"Mildly sweet, tangy, firm, low fibre",Mangifera indica cv. Totapuri,Totapuri,"Large, elongated beak-shaped fruit; widely processed into mango pulp and pickle; grown in Solapur and Osmanabad.","Large, elongated beak-shaped fruit; widely processed into mango pulp and pickle; grown in Solapur and Osmanabad.

Scientific name: Mangifera indica cv. Totapuri

Origin: South India/Maharashtra

Taste profile: Mildly sweet, tangy, firm, low fibre

Marathi name: Totapuri"
1,Pairi,Maharashtra,"Sweet, juicy, mild sour notes",Mangifera indica cv. Pairi,Pairi,Early season variety from Konkan; oval fruit; eaten fresh; also called Pyari.,"Early season variety from Konkan; oval fruit; eaten fresh; also called Pyari.

Scientific name: Mangifera indica cv. Pairi

Origin: Maharashtra

Taste profile: Sweet, juicy, mild sour notes

Marathi name: Pairi"
1,Ratna,Maharashtra,"Very sweet, aromatic, less fibrous",Mangifera indica cv. Ratna,Ratna,Hybrid developed at Dr BSKKV Dapoli; Alphonso × Neelum cross; regular bearer; popular in Konkan.,"Hybrid developed at Dr BSKKV Dapoli; Alphonso × Neelum cross; regular bearer; popular in Konkan.

Scientific name: Mangifera indica cv. Ratna

Origin: Maharashtra

Taste profile: Very sweet, aromatic, less fibrous

Marathi name: Ratna"
1,Sindhu,Maharashtra,"Sweet, aromatic, low fibre, long shelf life",Mangifera indica cv. Sindhu,Sindhu,Hybrid (Ratna × Alphonso) developed at Vengurle; excellent export quality; shelf life 10–12 days.,"Hybrid (Ratna × Alphonso) developed at Vengurle; excellent export quality; shelf life 10–12 days.

Scientific name: Mangifera indica cv. Sindhu

Origin: Maharashtra

Taste profile: Sweet, aromatic, low fibre, long shelf life

Marathi name: Sindhu"
1,Neelum,Tamil Nadu/Maharashtra,"Sweet, mild, fibrous",Mangifera indica cv. Neelum,Nilam,"Late season variety (June–August); grown in Marathwada and Vidarbha; small-medium fruit, yellow skin.","Late season variety (June–August); grown in Marathwada and Vidarbha; small-medium fruit, yellow skin.

Scientific name: Mangifera indica cv. Neelum

Origin: Tamil Nadu/Maharashtra

Taste profile: Sweet, mild, fibrous

Marathi name: Nilam"
1,Amrapali,Maharashtra,"Very sweet, deep red-orange flesh",Mangifera indica cv. Amrapali,Amrapali,Dwarf hybrid; suitable for high-density planting; grown in Nashik and Jalgaon.,"Dwarf hybrid; suitable for high-density planting; grown in Nashik and Jalgaon.

Scientific name: Mangifera indica cv. Amrapali

Origin: Maharashtra

Taste profile: Very sweet, deep red-orange flesh

Marathi name: Amrapali"
1,Mallika,Maharashtra,"Sweet, juicy, long shelf life",Mangifera indica cv. Mallika,Mallika,Neelum × Dasheri hybrid; regular bearer; wide adaptability; popular in export markets.,"Neelum × Dasheri hybrid; regular bearer; wide adaptability; popular in export markets.

Scientific name: Mangifera indica cv. Mallika

Origin: Maharashtra

Taste profile: Sweet, juicy, long shelf life

Marathi name: Mallika"
1,Vanraj,Gujarat/Maharashtra,"Sweet, mild, fibrous",Mangifera indica cv. Vanraj,Vanraj,"Developed at NAU Gujarat; grown in Nashik, Dhule; tolerant to adverse conditions.","Developed at NAU Gujarat; grown in Nashik, Dhule; tolerant to adverse conditions.

Scientific name: Mangifera indica cv. Vanraj

Origin: Gujarat/Maharashtra

Taste profile: Sweet, mild, fibrous

Marathi name: Vanraj"
2,Thompson Seedless,Maharashtra,"Sweet, mild, crisp, seedless",Vitis vinifera cv. Thompson Seedless,Thompson Seedless,"Most widely grown table and raisin grape in Nashik, Sangli, Pune; green-gold colour; dominant export variety; also base for wine.","Most widely grown table and raisin grape in Nashik, Sangli, Pune; green-gold colour; dominant export variety; also base for wine.

Scientific name: Vitis vinifera cv. Thompson Seedless

Origin: Maharashtra

Taste profile: Sweet, mild, crisp, seedless

Marathi name: Thompson Seedless"
2,Tas-A-Ganesh,Maharashtra,"Sweet, firm, large berries, seedless",Vitis vinifera cv. Tas-A-Ganesh,Tas-A-Ganesh,Early maturing mutation of Thompson; large elongated berries; popular in domestic and export market; Nashik and Sangli.,"Early maturing mutation of Thompson; large elongated berries; popular in domestic and export market; Nashik and Sangli.

Scientific name: Vitis vinifera cv. Tas-A-Ganesh

Origin: Maharashtra

Taste profile: Sweet, firm, large berries, seedless

Marathi name: Tas-A-Ganesh"
2,Sonaka,Maharashtra,"Sweet, firm, elongated, seedless",Vitis vinifera cv. Sonaka,Sonaka,"Developed in Maharashtra; excellent export quality; long shelf life; grown in Nashik, Pune; superior post-harvest quality.","Developed in Maharashtra; excellent export quality; long shelf life; grown in Nashik, Pune; superior post-harvest quality.

Scientific name: Vitis vinifera cv. Sonaka

Origin: Maharashtra

Taste profile: Sweet, firm, elongated, seedless

Marathi name: Sonaka"
2,Sharad Seedless,Maharashtra,"Sweet, crisp, medium size, seedless",Vitis vinifera cv. Sharad Seedless,Sharad Seedless,Late-maturing variety; Nashik; green-white berries; popular raisin grape.,"Late-maturing variety; Nashik; green-white berries; popular raisin grape.

Scientific name: Vitis vinifera cv. Sharad Seedless

Origin: Maharashtra

Taste profile: Sweet, crisp, medium size, seedless

Marathi name: Sharad Seedless"
2,Flame Seedless,USA/Maharashtra,"Sweet, slightly tart, red, seedless",Vitis vinifera cv. Flame Seedless,Flame Seedless,Red-berry seedless variety; grown in Nashik; attractive colour; export variety.,"Red-berry seedless variety; grown in Nashik; attractive colour; export variety.

Scientific name: Vitis vinifera cv. Flame Seedless

Origin: USA/Maharashtra

Taste profile: Sweet, slightly tart, red, seedless

Marathi name: Flame Seedless"
2,Crimson Seedless,USA/Maharashtra,"Sweet, firm, dark red, seedless",Vitis vinifera cv. Crimson Seedless,Crimson Seedless,Large red berries; late season; high sugar content; export quality; Nashik.,"Large red berries; late season; high sugar content; export quality; Nashik.

Scientific name: Vitis vinifera cv. Crimson Seedless

Origin: USA/Maharashtra

Taste profile: Sweet, firm, dark red, seedless

Marathi name: Crimson Seedless"
2,Manik Chaman,Maharashtra,"Sweet, large berries, red-black, seeded",Vitis vinifera cv. Manik Chaman,Manik Chaman,"Also called Beauty Seedless; grown in Nashik, Sangli; large berries; domestic market.","Also called Beauty Seedless; grown in Nashik, Sangli; large berries; domestic market.

Scientific name: Vitis vinifera cv. Manik Chaman

Origin: Maharashtra

Taste profile: Sweet, large berries, red-black, seeded

Marathi name: Manik Chaman"
3,Nagpur Orange,Maharashtra,"Sweet-tangy, juicy, aromatic, thin skin",Citrus reticulata cv. Nagpur Mandarin,Nagpur Santra,"GI-tagged; grown in Nagpur, Amravati, Wardha; season Nov–Jan; star export variety; deep orange colour.","GI-tagged; grown in Nagpur, Amravati, Wardha; season Nov–Jan; star export variety; deep orange colour.

Scientific name: Citrus reticulata cv. Nagpur Mandarin

Origin: Maharashtra

Taste profile: Sweet-tangy, juicy, aromatic, thin skin

Marathi name: Nagpur Santra"
3,Valencia Orange,Maharashtra,"Sweet, juicy, low seeds",Citrus sinensis cv. Valencia,Valencia Santra,Sweet orange type; grown in Marathwada; used for juice.,"Sweet orange type; grown in Marathwada; used for juice.

Scientific name: Citrus sinensis cv. Valencia

Origin: Maharashtra

Taste profile: Sweet, juicy, low seeds

Marathi name: Valencia Santra"
3,Mosambi (Sweet Lime),Maharashtra,"Mildly sweet, low acid",Citrus limetta,Mosambi,"Sweet lime; highly popular for juice; grown in Pune, Solapur, Aurangabad; year-round availability.","Sweet lime; highly popular for juice; grown in Pune, Solapur, Aurangabad; year-round availability.

Scientific name: Citrus limetta

Origin: Maharashtra

Taste profile: Mildly sweet, low acid

Marathi name: Mosambi"
3,Hamlin Orange,Maharashtra,"Sweet, juicy, early season",Citrus sinensis cv. Hamlin,Hamlin Santra,Early-bearing sweet orange; Marathwada and Vidarbha.,"Early-bearing sweet orange; Marathwada and Vidarbha.

Scientific name: Citrus sinensis cv. Hamlin

Origin: Maharashtra

Taste profile: Sweet, juicy, early season

Marathi name: Hamlin Santra"
4,Grand Naine,Maharashtra,"Sweet, firm, long shelf life",Musa acuminata cv. Grand Naine,Grand Naine,"Most commercially grown; Jalgaon, Nandurbar; GI-tagged Jalgaon banana; export quality; tall plant, medium bunch.","Most commercially grown; Jalgaon, Nandurbar; GI-tagged Jalgaon banana; export quality; tall plant, medium bunch.

Scientific name: Musa acuminata cv. Grand Naine

Origin: Maharashtra

Taste profile: Sweet, firm, long shelf life

Marathi name: Grand Naine"
4,Dwarf Cavendish,Maharashtra,"Sweet, creamy, slightly tangy",Musa acuminata cv. Dwarf Cavendish,Dwarf Kela,"Short statured; wind resistant; Jalgaon, Pune; widely used commercially and domestically.","Short statured; wind resistant; Jalgaon, Pune; widely used commercially and domestically.

Scientific name: Musa acuminata cv. Dwarf Cavendish

Origin: Maharashtra

Taste profile: Sweet, creamy, slightly tangy

Marathi name: Dwarf Kela"
4,Robusta,Maharashtra,"Sweet, aromatic, medium-large fruit",Musa acuminata cv. Robusta,Robusta Kela,Taller than Dwarf Cavendish; widely grown in Maharashtra; good disease resistance.,"Taller than Dwarf Cavendish; widely grown in Maharashtra; good disease resistance.

Scientific name: Musa acuminata cv. Robusta

Origin: Maharashtra

Taste profile: Sweet, aromatic, medium-large fruit

Marathi name: Robusta Kela"
4,Shrimanthi,Maharashtra,"Very sweet, soft, small fruit",Musa acuminata cv. Shrimanthi,Shrimanthi,Local traditional variety from Konkan and Kolhapur; festival use; aromatic.,"Local traditional variety from Konkan and Kolhapur; festival use; aromatic.

Scientific name: Musa acuminata cv. Shrimanthi

Origin: Maharashtra

Taste profile: Very sweet, soft, small fruit

Marathi name: Shrimanthi"
4,Basrai,Maharashtra,"Sweet, aromatic, plump",Musa acuminata cv. Basrai,Basrai Kela,Traditional Jalgaon variety; basis of Jalgaon's banana fame; good yield and flavour.,"Traditional Jalgaon variety; basis of Jalgaon's banana fame; good yield and flavour.

Scientific name: Musa acuminata cv. Basrai

Origin: Maharashtra

Taste profile: Sweet, aromatic, plump

Marathi name: Basrai Kela"
5,Allahabad Safeda,Uttar Pradesh/Maharashtra,"Sweet, white pulp, mild flavour",Psidium guajava cv. Allahabad Safeda,Safeda Peru,Most popular commercial variety; grown across Maharashtra; white flesh; high yield; good shelf life.,"Most popular commercial variety; grown across Maharashtra; white flesh; high yield; good shelf life.

Scientific name: Psidium guajava cv. Allahabad Safeda

Origin: Uttar Pradesh/Maharashtra

Taste profile: Sweet, white pulp, mild flavour

Marathi name: Safeda Peru"
5,Lalit,Maharashtra,"Sweet, pink pulp, aromatic",Psidium guajava cv. Lalit,Lalit Peru,"Developed at IARI; pink-fleshed; high Vitamin C; grown in Nashik, Pune.","Developed at IARI; pink-fleshed; high Vitamin C; grown in Nashik, Pune.

Scientific name: Psidium guajava cv. Lalit

Origin: Maharashtra

Taste profile: Sweet, pink pulp, aromatic

Marathi name: Lalit Peru"
5,Shweta,Maharashtra,"Sweet, soft, white pulp",Psidium guajava cv. Shweta,Shweta Peru,High-yielding variety; good post-harvest quality; Nashik.,"High-yielding variety; good post-harvest quality; Nashik.

Scientific name: Psidium guajava cv. Shweta

Origin: Maharashtra

Taste profile: Sweet, soft, white pulp

Marathi name: Shweta Peru"
5,Lucknow-49 (Sardar),Uttar Pradesh/Maharashtra,"Sweet, juicy, white-yellow pulp",Psidium guajava cv. L-49,Lucknow Peru,Very popular; round fruit; widely adapted; grown across Maharashtra.,"Very popular; round fruit; widely adapted; grown across Maharashtra.

Scientific name: Psidium guajava cv. L-49

Origin: Uttar Pradesh/Maharashtra

Taste profile: Sweet, juicy, white-yellow pulp

Marathi name: Lucknow Peru"
6,Bhagwa,Maharashtra,"Sweet, deep red arils, low seed hardness, juicy",Punica granatum cv. Bhagwa,Bhagwa Dalimb,"GI-tagged; grown in Solapur, Sangli, Nashik, Pune; saffron-red thick skin; 65–70% aril weight; top export variety to Middle East, Europe.","GI-tagged; grown in Solapur, Sangli, Nashik, Pune; saffron-red thick skin; 65–70% aril weight; top export variety to Middle East, Europe.

Scientific name: Punica granatum cv. Bhagwa

Origin: Maharashtra

Taste profile: Sweet, deep red arils, low seed hardness, juicy

Marathi name: Bhagwa Dalimb"
6,Ganesh,Maharashtra,"Sweet, mild, pink arils",Punica granatum cv. Ganesh,Ganesh Dalimb,Traditional variety; Pune and Nashik; large soft-seeded fruit; good for fresh market.,"Traditional variety; Pune and Nashik; large soft-seeded fruit; good for fresh market.

Scientific name: Punica granatum cv. Ganesh

Origin: Maharashtra

Taste profile: Sweet, mild, pink arils

Marathi name: Ganesh Dalimb"
6,Mridula,Karnataka/Maharashtra,"Very sweet, deep red, soft seeds",Punica granatum cv. Mridula,Mridula Dalimb,Deep red attractive arils; grown in Solapur and Osmanabad; early-bearing.,"Deep red attractive arils; grown in Solapur and Osmanabad; early-bearing.

Scientific name: Punica granatum cv. Mridula

Origin: Karnataka/Maharashtra

Taste profile: Very sweet, deep red, soft seeds

Marathi name: Mridula Dalimb"
6,Arakta,Karnataka/Maharashtra,"Sweet, deep red, attractive appearance",Punica granatum cv. Arakta,Arakta Dalimb,Large fruit; bright red skin; grown in Marathwada and Nashik; good export potential.,"Large fruit; bright red skin; grown in Marathwada and Nashik; good export potential.

Scientific name: Punica granatum cv. Arakta

Origin: Karnataka/Maharashtra

Taste profile: Sweet, deep red, attractive appearance

Marathi name: Arakta Dalimb"
7,Balanagar,Telangana/Maharashtra,"Sweet, creamy, white flesh, low seeds",Annona squamosa cv. Balanagar,Balanagar Sitafal,"Most popular commercial variety in Maharashtra; Nashik, Aurangabad; large fruit; high pulp recovery.","Most popular commercial variety in Maharashtra; Nashik, Aurangabad; large fruit; high pulp recovery.

Scientific name: Annona squamosa cv. Balanagar

Origin: Telangana/Maharashtra

Taste profile: Sweet, creamy, white flesh, low seeds

Marathi name: Balanagar Sitafal"
7,Red Sitafal,Maharashtra,"Very sweet, soft, aromatic, reddish skin",Annona reticulata,Lal Sitafal,Bullock's heart variety; red skin; higher sweetness; Nashik and Marathwada.,"Bullock's heart variety; red skin; higher sweetness; Nashik and Marathwada.

Scientific name: Annona reticulata

Origin: Maharashtra

Taste profile: Very sweet, soft, aromatic, reddish skin

Marathi name: Lal Sitafal"
8,Red Lady,Taiwan/Maharashtra,"Very sweet, red-orange flesh, firm",Carica papaya cv. Red Lady,Red Lady Papai,"F1 hybrid; most popular commercial variety; Pune, Nashik; gynoecious; high yield; disease resistant.","F1 hybrid; most popular commercial variety; Pune, Nashik; gynoecious; high yield; disease resistant.

Scientific name: Carica papaya cv. Red Lady

Origin: Taiwan/Maharashtra

Taste profile: Very sweet, red-orange flesh, firm

Marathi name: Red Lady Papai"
8,Taiwan,Taiwan/Maharashtra,"Sweet, orange flesh, medium size",Carica papaya cv. Taiwan 786,Taiwan Papai,Widely grown hybrid; dual purpose (fruit + raw); Jalgaon and Nashik; year-round production.,"Widely grown hybrid; dual purpose (fruit + raw); Jalgaon and Nashik; year-round production.

Scientific name: Carica papaya cv. Taiwan 786

Origin: Taiwan/Maharashtra

Taste profile: Sweet, orange flesh, medium size

Marathi name: Taiwan Papai"
9,Kalipatti,Maharashtra,"Very sweet, granular, brown flesh",Manilkara zapota cv. Kalipatti,Kalipatti Chiku,"Most popular commercial variety; Palghar, Nashik; oval shape; high yield; good shelf life.","Most popular commercial variety; Palghar, Nashik; oval shape; high yield; good shelf life.

Scientific name: Manilkara zapota cv. Kalipatti

Origin: Maharashtra

Taste profile: Very sweet, granular, brown flesh

Marathi name: Kalipatti Chiku"
9,Cricket Ball,Maharashtra,"Sweet, large, round, high sugar",Manilkara zapota cv. Cricket Ball,Cricket Ball Chiku,Round large fruit; high market value; Pune and Nashik.,"Round large fruit; high market value; Pune and Nashik.

Scientific name: Manilkara zapota cv. Cricket Ball

Origin: Maharashtra

Taste profile: Sweet, large, round, high sugar

Marathi name: Cricket Ball Chiku"
10,West Coast Tall,Maharashtra,"Rich coconut water, thick white copra",Cocos nucifera cv. West Coast Tall,Konkan Naral,Tall variety; most widely grown in Konkan; high copra yield; drought tolerant once established.,"Tall variety; most widely grown in Konkan; high copra yield; drought tolerant once established.

Scientific name: Cocos nucifera cv. West Coast Tall

Origin: Maharashtra

Taste profile: Rich coconut water, thick white copra

Marathi name: Konkan Naral"
10,Dwarf,Maharashtra,"Sweet tender water, thin husk",Cocos nucifera var. nana,Bodka Naral,Early bearing; tender coconut market; Ratnagiri and Sindhudurg; shorter lifespan than tall.,"Early bearing; tender coconut market; Ratnagiri and Sindhudurg; shorter lifespan than tall.

Scientific name: Cocos nucifera var. nana

Origin: Maharashtra

Taste profile: Sweet tender water, thin husk

Marathi name: Bodka Naral"
11,Local Konkan,Maharashtra,"Sweet, aromatic, orange-yellow flesh",Artocarpus heterophyllus (local),Konkan Phanas,Traditional variety from Konkan; high-quality sweet bulbs; used raw as vegetable and ripe as fruit.,"Traditional variety from Konkan; high-quality sweet bulbs; used raw as vegetable and ripe as fruit.

Scientific name: Artocarpus heterophyllus (local)

Origin: Maharashtra

Taste profile: Sweet, aromatic, orange-yellow flesh

Marathi name: Konkan Phanas"
11,Singapore,Malaysia/Maharashtra,"Sweet, firm, less sticky",Artocarpus heterophyllus cv. Singapore,Singapore Phanas,Less latex; firmer bulbs; good for processing; grown in Konkan.,"Less latex; firmer bulbs; good for processing; grown in Konkan.

Scientific name: Artocarpus heterophyllus cv. Singapore

Origin: Malaysia/Maharashtra

Taste profile: Sweet, firm, less sticky

Marathi name: Singapore Phanas"
12,NA-7,Maharashtra,"Sour, astringent, large fruit",Phyllanthus emblica cv. NA-7,NA-7 Avala,Most popular commercial variety in Maharashtra; large fruit; Nashik and Aurangabad; high Vitamin C.,"Most popular commercial variety in Maharashtra; large fruit; Nashik and Aurangabad; high Vitamin C.

Scientific name: Phyllanthus emblica cv. NA-7

Origin: Maharashtra

Taste profile: Sour, astringent, large fruit

Marathi name: NA-7 Avala"
12,Krishna,Maharashtra,"Sour, medium size, firm",Phyllanthus emblica cv. Krishna,Krishna Avala,High yielding; grown in Marathwada; good for processing.,"High yielding; grown in Marathwada; good for processing.

Scientific name: Phyllanthus emblica cv. Krishna

Origin: Maharashtra

Taste profile: Sour, medium size, firm

Marathi name: Krishna Avala"
12,Kanchan,Maharashtra,"Mildly sour, attractive appearance",Phyllanthus emblica cv. Kanchan,Kanchan Avala,Regular bearer; Nashik; good for candy and pickle industry.,"Regular bearer; Nashik; good for candy and pickle industry.

Scientific name: Phyllanthus emblica cv. Kanchan

Origin: Maharashtra

Taste profile: Mildly sour, attractive appearance

Marathi name: Kanchan Avala"
13,Camarosa,USA/Maharashtra,"Sweet-tart, firm, bright red",Fragaria × ananassa cv. Camarosa,Camarosa Strawberry,Most popular variety in Mahabaleshwar; large berry; good shelf life; high yield; fresh market and processing.,"Most popular variety in Mahabaleshwar; large berry; good shelf life; high yield; fresh market and processing.

Scientific name: Fragaria × ananassa cv. Camarosa

Origin: USA/Maharashtra

Taste profile: Sweet-tart, firm, bright red

Marathi name: Camarosa Strawberry"
13,Festival,USA/Maharashtra,"Very sweet, aromatic, deep red",Fragaria × ananassa cv. Festival,Festival Strawberry,Sweet flavour; Mahabaleshwar and Panchgani; popular with tourists.,"Sweet flavour; Mahabaleshwar and Panchgani; popular with tourists.

Scientific name: Fragaria × ananassa cv. Festival

Origin: USA/Maharashtra

Taste profile: Very sweet, aromatic, deep red

Marathi name: Festival Strawberry"
13,Sweet Charlie,USA/Maharashtra,"Very sweet, aromatic, early season",Fragaria × ananassa cv. Sweet Charlie,Sweet Charlie Strawberry,Early bearing; soft fruit; excellent flavour; Mahabaleshwar.,"Early bearing; soft fruit; excellent flavour; Mahabaleshwar.

Scientific name: Fragaria × ananassa cv. Sweet Charlie

Origin: USA/Maharashtra

Taste profile: Very sweet, aromatic, early season

Marathi name: Sweet Charlie Strawberry"
14,Poona Fig (Dinkar),Maharashtra,"Very sweet, golden-green skin, soft, aromatic",Ficus carica cv. Poona,Poona Anjeer,"GI-tagged Purandar fig; unique sweetness; grown exclusively in Purandar, Pune; best eaten fresh; limited production, premium price.","GI-tagged Purandar fig; unique sweetness; grown exclusively in Purandar, Pune; best eaten fresh; limited production, premium price.

Scientific name: Ficus carica cv. Poona

Origin: Maharashtra

Taste profile: Very sweet, golden-green skin, soft, aromatic

Marathi name: Poona Anjeer"
15,Umran,Rajasthan/Maharashtra,"Sweet, large, firm, low acidity",Ziziphus mauritiana cv. Umran,Umran Bor,"Most popular commercial variety; large oval fruit; good shelf life; Solapur, Aurangabad.","Most popular commercial variety; large oval fruit; good shelf life; Solapur, Aurangabad.

Scientific name: Ziziphus mauritiana cv. Umran

Origin: Rajasthan/Maharashtra

Taste profile: Sweet, large, firm, low acidity

Marathi name: Umran Bor"
15,Gola,Maharashtra,"Sweet-sour, round, medium size",Ziziphus mauritiana cv. Gola,Gola Bor,Traditional variety; good domestic market; Marathwada and Vidarbha.,"Traditional variety; good domestic market; Marathwada and Vidarbha.

Scientific name: Ziziphus mauritiana cv. Gola

Origin: Maharashtra

Taste profile: Sweet-sour, round, medium size

Marathi name: Gola Bor"
16,Indrayani,Maharashtra,"Aromatic, soft, sticky when cooked",Oryza sativa cv. Indrayani,Indrayani Tandul,"GI-tagged; developed at Dr BSKKV, Dapoli; grown in Pune, Nashik and Konkan; premium price; very popular in Pune city market.","GI-tagged; developed at Dr BSKKV, Dapoli; grown in Pune, Nashik and Konkan; premium price; very popular in Pune city market.

Scientific name: Oryza sativa cv. Indrayani

Origin: Maharashtra

Taste profile: Aromatic, soft, sticky when cooked

Marathi name: Indrayani Tandul"
16,Ambemohar,Maharashtra,"Highly aromatic (mango blossom scent), soft, short grain",Oryza sativa cv. Ambemohar,Ambemohar Tandul,Heritage aromatic variety; Pune and Konkan hills; named for its mango-blossom aroma; slow cooking; festival and high-value rice.,"Heritage aromatic variety; Pune and Konkan hills; named for its mango-blossom aroma; slow cooking; festival and high-value rice.

Scientific name: Oryza sativa cv. Ambemohar

Origin: Maharashtra

Taste profile: Highly aromatic (mango blossom scent), soft, short grain

Marathi name: Ambemohar Tandul"
16,Kolam,Maharashtra,"Slightly aromatic, slender, fluffy on cooking",Oryza sativa cv. Kolam,Kolam Tandul,"Very popular in Mumbai-Pune; medium-slender grain; widely used for daily cooking; Nashik, Konkan.","Very popular in Mumbai-Pune; medium-slender grain; widely used for daily cooking; Nashik, Konkan.

Scientific name: Oryza sativa cv. Kolam

Origin: Maharashtra

Taste profile: Slightly aromatic, slender, fluffy on cooking

Marathi name: Kolam Tandul"
16,HMT,India,"Mild aroma, long grain, non-sticky",Oryza sativa cv. HMT,HMT Tandul,Named for its resemblance to HMT watches (long slim grain); popular across Maharashtra; biryani rice.,"Named for its resemblance to HMT watches (long slim grain); popular across Maharashtra; biryani rice.

Scientific name: Oryza sativa cv. HMT

Origin: India

Taste profile: Mild aroma, long grain, non-sticky

Marathi name: HMT Tandul"
16,Jaya,India (IRRI origin),"Plain, non-aromatic, high-yield",Oryza sativa cv. Jaya,Jaya Tandul,High-yielding semi-dwarf; widely grown in irrigated areas of Vidarbha and Marathwada.,"High-yielding semi-dwarf; widely grown in irrigated areas of Vidarbha and Marathwada.

Scientific name: Oryza sativa cv. Jaya

Origin: India (IRRI origin)

Taste profile: Plain, non-aromatic, high-yield

Marathi name: Jaya Tandul"
16,Swarna,India,"Non-aromatic, medium-bold, high yield",Oryza sativa cv. Swarna (MTU 7029),Swarna Tandul,Most widely grown HYV rice in Maharashtra; Vidarbha; flood tolerant; rainfed and irrigated.,"Most widely grown HYV rice in Maharashtra; Vidarbha; flood tolerant; rainfed and irrigated.

Scientific name: Oryza sativa cv. Swarna (MTU 7029)

Origin: India

Taste profile: Non-aromatic, medium-bold, high yield

Marathi name: Swarna Tandul"
16,Basmati,India,"Very aromatic, extra long slender grain, fluffy",Oryza sativa cv. Basmati,Basmati Tandul,Grown in Nashik and parts of Marathwada; mostly for export and premium market.,"Grown in Nashik and parts of Marathwada; mostly for export and premium market.

Scientific name: Oryza sativa cv. Basmati

Origin: India

Taste profile: Very aromatic, extra long slender grain, fluffy

Marathi name: Basmati Tandul"
16,Karjat-4,Maharashtra,"Aromatic, short-bold, good palatability",Oryza sativa cv. Karjat-4,Karjat Tandul,"Developed at Regional Agricultural Research Station, Karjat; adapted to Konkan; medium duration.","Developed at Regional Agricultural Research Station, Karjat; adapted to Konkan; medium duration.

Scientific name: Oryza sativa cv. Karjat-4

Origin: Maharashtra

Taste profile: Aromatic, short-bold, good palatability

Marathi name: Karjat Tandul"
16,Phule Samruddhi,Maharashtra,"High yield, medium grain, good cooking quality",Oryza sativa cv. Phule Samruddhi,Phule Samruddhi Tandul,Developed by MPKV Rahuri; high-yielding; suitable for Konkan and Western Maharashtra.,"Developed by MPKV Rahuri; high-yielding; suitable for Konkan and Western Maharashtra.

Scientific name: Oryza sativa cv. Phule Samruddhi

Origin: Maharashtra

Taste profile: High yield, medium grain, good cooking quality

Marathi name: Phule Samruddhi Tandul"
17,Lokwan,Maharashtra,"Nutty, slightly sweet, good chapati quality",Triticum aestivum cv. Lokwan,Lokwan Gahu,"Heritage wheat of Maharashtra; famous for chapati quality; medium yield; lower gluten than modern varieties; Nashik, Pune, Aurangabad.","Heritage wheat of Maharashtra; famous for chapati quality; medium yield; lower gluten than modern varieties; Nashik, Pune, Aurangabad.

Scientific name: Triticum aestivum cv. Lokwan

Origin: Maharashtra

Taste profile: Nutty, slightly sweet, good chapati quality

Marathi name: Lokwan Gahu"
17,HD-2189,India,"Plain, high gluten, good milling quality",Triticum aestivum cv. HD-2189,HD-2189 Gahu,Widely grown HYV; adaptable; Nashik and Aurangabad irrigated zones.,"Widely grown HYV; adaptable; Nashik and Aurangabad irrigated zones.

Scientific name: Triticum aestivum cv. HD-2189

Origin: India

Taste profile: Plain, high gluten, good milling quality

Marathi name: HD-2189 Gahu"
17,HD-2967,India,"Mild, high yield, good chapati quality",Triticum aestivum cv. HD-2967,HD-2967 Gahu,"One of most popular wheats in Maharashtra; rust-resistant; Nashik, Pune, Vidarbha.","One of most popular wheats in Maharashtra; rust-resistant; Nashik, Pune, Vidarbha.

Scientific name: Triticum aestivum cv. HD-2967

Origin: India

Taste profile: Mild, high yield, good chapati quality

Marathi name: HD-2967 Gahu"
17,NIAW-34,Maharashtra,"Mild flavour, high yield, semi-dwarf",Triticum aestivum cv. NIAW-34,NIAW-34 Gahu,"Developed at NIPHAD, Nashik; well adapted to Maharashtra; good tillering.","Developed at NIPHAD, Nashik; well adapted to Maharashtra; good tillering.

Scientific name: Triticum aestivum cv. NIAW-34

Origin: Maharashtra

Taste profile: Mild flavour, high yield, semi-dwarf

Marathi name: NIAW-34 Gahu"
17,NIAW-917,Maharashtra,"Good chapati quality, heat tolerant",Triticum aestivum cv. NIAW-917,NIAW-917 Gahu,Heat-tolerant variety for Maharashtra; late sowing conditions; Marathwada.,"Heat-tolerant variety for Maharashtra; late sowing conditions; Marathwada.

Scientific name: Triticum aestivum cv. NIAW-917

Origin: Maharashtra

Taste profile: Good chapati quality, heat tolerant

Marathi name: NIAW-917 Gahu"
17,MACS-6222,Maharashtra,"High protein, good chapati quality",Triticum aestivum cv. MACS-6222,MACS-6222 Gahu,"Developed at ARI, Pune; high-yielding; Nashik, Pune, Solapur.","Developed at ARI, Pune; high-yielding; Nashik, Pune, Solapur.

Scientific name: Triticum aestivum cv. MACS-6222

Origin: Maharashtra

Taste profile: High protein, good chapati quality

Marathi name: MACS-6222 Gahu"
17,AKAW-4627,Maharashtra,"Durum type, high protein, golden semolina",Triticum durum cv. AKAW-4627,AKAW Gahu,Durum wheat; Akola series; Vidarbha and Marathwada; used for semolina (rawa/suji).,"Durum wheat; Akola series; Vidarbha and Marathwada; used for semolina (rawa/suji).

Scientific name: Triticum durum cv. AKAW-4627

Origin: Maharashtra

Taste profile: Durum type, high protein, golden semolina

Marathi name: AKAW Gahu"
18,Maldandi,Maharashtra,"Bold, white grain, excellent bhakri quality",Sorghum bicolor cv. Maldandi 35-1,Maldandi Jwarī,Heritage rabi sorghum; Solapur is the heartland; world-famous grain quality; GI tag sought; premium price; iconic Maharashtrian grain.,"Heritage rabi sorghum; Solapur is the heartland; world-famous grain quality; GI tag sought; premium price; iconic Maharashtrian grain.

Scientific name: Sorghum bicolor cv. Maldandi 35-1

Origin: Maharashtra

Taste profile: Bold, white grain, excellent bhakri quality

Marathi name: Maldandi Jwarī"
18,Dagadi Jowar,Maharashtra,"Nutty, hard grain, very drought tolerant",Sorghum bicolor (local landrace),Dagadi Jwarī,Traditional hard-grain Kharif variety; Marathwada and Vidarbha; grown without irrigation.,"Traditional hard-grain Kharif variety; Marathwada and Vidarbha; grown without irrigation.

Scientific name: Sorghum bicolor (local landrace)

Origin: Maharashtra

Taste profile: Nutty, hard grain, very drought tolerant

Marathi name: Dagadi Jwarī"
18,Phule Vasudha,Maharashtra,"High yield, white grain, good quality",Sorghum bicolor cv. Phule Vasudha,Phule Vasudha Jwarī,"Developed by MPKV; Rabi season; Nashik, Pune, Aurangabad; dual purpose (grain + fodder).","Developed by MPKV; Rabi season; Nashik, Pune, Aurangabad; dual purpose (grain + fodder).

Scientific name: Sorghum bicolor cv. Phule Vasudha

Origin: Maharashtra

Taste profile: High yield, white grain, good quality

Marathi name: Phule Vasudha Jwarī"
18,CSV-15,India (ICRISAT),"Bold white grain, high yield",Sorghum bicolor cv. CSV-15,CSV-15 Jwarī,"ICRISAT-developed; widely adapted; Maharashtra, Karnataka; Kharif.","ICRISAT-developed; widely adapted; Maharashtra, Karnataka; Kharif.

Scientific name: Sorghum bicolor cv. CSV-15

Origin: India (ICRISAT)

Taste profile: Bold white grain, high yield

Marathi name: CSV-15 Jwarī"
18,CSV-20,India (ICRISAT),"White grain, good yield, disease resistant",Sorghum bicolor cv. CSV-20,CSV-20 Jwarī,Improved variety; Marathwada and Vidarbha.,"Improved variety; Marathwada and Vidarbha.

Scientific name: Sorghum bicolor cv. CSV-20

Origin: India (ICRISAT)

Taste profile: White grain, good yield, disease resistant

Marathi name: CSV-20 Jwarī"
18,CSV-27,India (ICRISAT),"White grain, drought tolerant, medium yield",Sorghum bicolor cv. CSV-27,CSV-27 Jwarī,Latest release; suitable for Kharif; Maharashtra.,"Latest release; suitable for Kharif; Maharashtra.

Scientific name: Sorghum bicolor cv. CSV-27

Origin: India (ICRISAT)

Taste profile: White grain, drought tolerant, medium yield

Marathi name: CSV-27 Jwarī"
18,CSH-14,India,"High yield, bold grain, hybrid vigour",Sorghum bicolor cv. CSH-14,CSH-14 Jwarī,Popular hybrid; Kharif; Vidarbha and Marathwada; good fodder value.,"Popular hybrid; Kharif; Vidarbha and Marathwada; good fodder value.

Scientific name: Sorghum bicolor cv. CSH-14

Origin: India

Taste profile: High yield, bold grain, hybrid vigour

Marathi name: CSH-14 Jwarī"
18,CSH-16,India,"Very high yield, white grain, hybrid",Sorghum bicolor cv. CSH-16,CSH-16 Jwarī,Widely grown hybrid; Kharif and Rabi; Maharashtra and Andhra Pradesh.,"Widely grown hybrid; Kharif and Rabi; Maharashtra and Andhra Pradesh.

Scientific name: Sorghum bicolor cv. CSH-16

Origin: India

Taste profile: Very high yield, white grain, hybrid

Marathi name: CSH-16 Jwarī"
19,ICTP-8203,India (ICRISAT),"Grey-white grain, good taste, nutritious",Pennisetum glaucum cv. ICTP-8203,ICTP Bajrī,Open-pollinated variety; widely adopted in Maharashtra; drought-tolerant; ICRISAT developed.,"Open-pollinated variety; widely adopted in Maharashtra; drought-tolerant; ICRISAT developed.

Scientific name: Pennisetum glaucum cv. ICTP-8203

Origin: India (ICRISAT)

Taste profile: Grey-white grain, good taste, nutritious

Marathi name: ICTP Bajrī"
19,Shanti,Maharashtra,"White grain, mild flavour, high yield",Pennisetum glaucum cv. Shanti,Shanti Bajrī,"MPKV Rahuri; well adapted to dry zones of Nashik, Aurangabad; Kharif.","MPKV Rahuri; well adapted to dry zones of Nashik, Aurangabad; Kharif.

Scientific name: Pennisetum glaucum cv. Shanti

Origin: Maharashtra

Taste profile: White grain, mild flavour, high yield

Marathi name: Shanti Bajrī"
19,Saburi,Maharashtra,"Good grain quality, medium yield",Pennisetum glaucum cv. Saburi,Saburi Bajrī,MPKV variety; Maharashtra; dual purpose.,"MPKV variety; Maharashtra; dual purpose.

Scientific name: Pennisetum glaucum cv. Saburi

Origin: Maharashtra

Taste profile: Good grain quality, medium yield

Marathi name: Saburi Bajrī"
19,Phule Mahashakti,Maharashtra,"High protein, bold grain, high yield",Pennisetum glaucum cv. Phule Mahashakti,Phule Mahashakti Bajrī,"Biofortified; high iron and zinc; MPKV; Nashik, Dhule, Jalgaon.","Biofortified; high iron and zinc; MPKV; Nashik, Dhule, Jalgaon.

Scientific name: Pennisetum glaucum cv. Phule Mahashakti

Origin: Maharashtra

Taste profile: High protein, bold grain, high yield

Marathi name: Phule Mahashakti Bajrī"
19,HHB-67,India,"Bold grey grain, very high yield, hybrid",Pennisetum glaucum cv. HHB-67,HHB-67 Bajrī,"Most popular hybrid in Maharashtra; CCSHAU Hisar; Nashik, Jalgaon, Dhule.","Most popular hybrid in Maharashtra; CCSHAU Hisar; Nashik, Jalgaon, Dhule.

Scientific name: Pennisetum glaucum cv. HHB-67

Origin: India

Taste profile: Bold grey grain, very high yield, hybrid

Marathi name: HHB-67 Bajrī"
20,African Tall,Maharashtra,"Plain, starchy, large cob, open-pollinated",Zea mays cv. African Tall,African Tall Makka,Traditional OPV; tall plant; widely grown in Nashik and Pune; good for food and fodder.,"Traditional OPV; tall plant; widely grown in Nashik and Pune; good for food and fodder.

Scientific name: Zea mays cv. African Tall

Origin: Maharashtra

Taste profile: Plain, starchy, large cob, open-pollinated

Marathi name: African Tall Makka"
20,Vijay Composite,India,"Good flavour, medium yield",Zea mays cv. Vijay,Vijay Makka,Open-pollinated; IARI developed; adaptable to Maharashtra; Kharif.,"Open-pollinated; IARI developed; adaptable to Maharashtra; Kharif.

Scientific name: Zea mays cv. Vijay

Origin: India

Taste profile: Good flavour, medium yield

Marathi name: Vijay Makka"
20,Deccan Hybrid-101,Maharashtra,"Good flavour, high yield, hybrid vigour",Zea mays cv. Deccan-101,Deccan Makka,Local hybrid; Pune and Nashik; food and fodder use.,"Local hybrid; Pune and Nashik; food and fodder use.

Scientific name: Zea mays cv. Deccan-101

Origin: Maharashtra

Taste profile: Good flavour, high yield, hybrid vigour

Marathi name: Deccan Makka"
20,HQPM-1,India,"High protein (QPM), sweet-nutty flavour",Zea mays cv. HQPM-1,HQPM-1 Makka,Quality Protein Maize; IARI; high lysine and tryptophan; nutritionally superior; poultry and food.,"Quality Protein Maize; IARI; high lysine and tryptophan; nutritionally superior; poultry and food.

Scientific name: Zea mays cv. HQPM-1

Origin: India

Taste profile: High protein (QPM), sweet-nutty flavour

Marathi name: HQPM-1 Makka"
20,Bioseed 9681,Maharashtra,"Very high yield, bold grain, hybrid",Zea mays cv. Bioseed 9681,Bioseed Makka,"Commercial hybrid; Nashik, Pune; widely used by contract farmers.","Commercial hybrid; Nashik, Pune; widely used by contract farmers.

Scientific name: Zea mays cv. Bioseed 9681

Origin: Maharashtra

Taste profile: Very high yield, bold grain, hybrid

Marathi name: Bioseed Makka"
21,Dapoli-1,Maharashtra,"Brown grain, earthy, nutritious",Eleusine coracana cv. Dapoli-1,Dapoli Nachni,Developed at BSKKV Dapoli; adapted to Konkan; Kharif; good yield.,"Developed at BSKKV Dapoli; adapted to Konkan; Kharif; good yield.

Scientific name: Eleusine coracana cv. Dapoli-1

Origin: Maharashtra

Taste profile: Brown grain, earthy, nutritious

Marathi name: Dapoli Nachni"
21,GPU-28,Karnataka/Maharashtra,"Brown-black grain, high yield",Eleusine coracana cv. GPU-28,GPU-28 Nachni,One of most popular varieties; GKVK Bengaluru; widely adapted to Maharashtra.,"One of most popular varieties; GKVK Bengaluru; widely adapted to Maharashtra.

Scientific name: Eleusine coracana cv. GPU-28

Origin: Karnataka/Maharashtra

Taste profile: Brown-black grain, high yield

Marathi name: GPU-28 Nachni"
21,GPU-67,Karnataka/Maharashtra,"Brown grain, blast-resistant, high yield",Eleusine coracana cv. GPU-67,GPU-67 Nachni,Disease resistant; good yield; Nashik hills and Nandurbar.,"Disease resistant; good yield; Nashik hills and Nandurbar.

Scientific name: Eleusine coracana cv. GPU-67

Origin: Karnataka/Maharashtra

Taste profile: Brown grain, blast-resistant, high yield

Marathi name: GPU-67 Nachni"
21,Indaf-5,India,"Dark brown, higher protein content",Eleusine coracana cv. Indaf-5,Indaf Nachni,ICAR developed; high yielding; used widely in Maharashtra tribal districts.,"ICAR developed; high yielding; used widely in Maharashtra tribal districts.

Scientific name: Eleusine coracana cv. Indaf-5

Origin: India

Taste profile: Dark brown, higher protein content

Marathi name: Indaf Nachni"
22,Local Kodra,Maharashtra,"Earthy, nutty, slightly bitter if unhulled",Paspalum scrobiculatum (local landrace),Sthanik Kodra,Indigenous landraces grown in Nashik and Nandurbar tribal belts; integral to tribal food culture.,"Indigenous landraces grown in Nashik and Nandurbar tribal belts; integral to tribal food culture.

Scientific name: Paspalum scrobiculatum (local landrace)

Origin: Maharashtra

Taste profile: Earthy, nutty, slightly bitter if unhulled

Marathi name: Sthanik Kodra"
23,Kutki (Local),Maharashtra,"Mild, slightly nutty, soft when cooked",Panicum sumatrense (local),Sthanik Vari,Traditional landrace; Nashik and Nandurbar; used for vari chi bhakri and khichdi during fasting.,"Traditional landrace; Nashik and Nandurbar; used for vari chi bhakri and khichdi during fasting.

Scientific name: Panicum sumatrense (local)

Origin: Maharashtra

Taste profile: Mild, slightly nutty, soft when cooked

Marathi name: Sthanik Vari"
24,Bhagar (Local),Maharashtra,"Mild, fluffy, slightly chewy",Echinochloa frumentacea (local),Sthanik Bhagar,Traditional local variety; grown across Maharashtra; essential fasting food; khichdi and bhakri.,"Traditional local variety; grown across Maharashtra; essential fasting food; khichdi and bhakri.

Scientific name: Echinochloa frumentacea (local)

Origin: Maharashtra

Taste profile: Mild, fluffy, slightly chewy

Marathi name: Sthanik Bhagar"
24,PRJ-1,Maharashtra,"Good grain quality, high yield",Echinochloa frumentacea cv. PRJ-1,PRJ-1 Bhagar,Improved variety; BSKKV Dapoli; Konkan and Nashik.,"Improved variety; BSKKV Dapoli; Konkan and Nashik.

Scientific name: Echinochloa frumentacea cv. PRJ-1

Origin: Maharashtra

Taste profile: Good grain quality, high yield

Marathi name: PRJ-1 Bhagar"
25,Cheena (Local),Maharashtra,"Mild, bland, soft when cooked",Panicum miliaceum (local landrace),Sthanik Cheena,Local varieties; Marathwada and Vidarbha; very short duration; used for khichdi and upma.,"Local varieties; Marathwada and Vidarbha; very short duration; used for khichdi and upma.

Scientific name: Panicum miliaceum (local landrace)

Origin: Maharashtra

Taste profile: Mild, bland, soft when cooked

Marathi name: Sthanik Cheena"
26,BSMR-736 (Vipula),Maharashtra,"Good cooking quality, earthy flavour",Cajanus cajan cv. BSMR-736,Vipula Tur,Wilt and sterility mosaic resistant; MPKV Rahuri; Marathwada and Vidarbha; medium duration.,"Wilt and sterility mosaic resistant; MPKV Rahuri; Marathwada and Vidarbha; medium duration.

Scientific name: Cajanus cajan cv. BSMR-736

Origin: Maharashtra

Taste profile: Good cooking quality, earthy flavour

Marathi name: Vipula Tur"
26,Asha (ICPL-87119),India (ICRISAT),"Good flavour, medium-bold grain",Cajanus cajan cv. Asha,Asha Tur,"Wilt-resistant; widely adapted; popular in Latur, Osmanabad; medium duration.","Wilt-resistant; widely adapted; popular in Latur, Osmanabad; medium duration.

Scientific name: Cajanus cajan cv. Asha

Origin: India (ICRISAT)

Taste profile: Good flavour, medium-bold grain

Marathi name: Asha Tur"
26,Maruti,Maharashtra,"Large seed, good dal recovery, bold grain",Cajanus cajan cv. Maruti,Maruti Tur,Bold-seeded variety; Marathwada; high market value; good for commercial dal production.,"Bold-seeded variety; Marathwada; high market value; good for commercial dal production.

Scientific name: Cajanus cajan cv. Maruti

Origin: Maharashtra

Taste profile: Large seed, good dal recovery, bold grain

Marathi name: Maruti Tur"
26,ICPL-87119,India (ICRISAT),"Medium grain, disease resistant",Cajanus cajan cv. ICPL-87119,Prabhat Tur,Extra-early variety; ICRISAT; Marathwada; good for areas with short seasons.,"Extra-early variety; ICRISAT; Marathwada; good for areas with short seasons.

Scientific name: Cajanus cajan cv. ICPL-87119

Origin: India (ICRISAT)

Taste profile: Medium grain, disease resistant

Marathi name: Prabhat Tur"
27,Vijay,Maharashtra,"Earthy, creamy, desi type, medium seed",Cicer arietinum cv. Vijay,Vijay Harbhara,Wilt-resistant desi variety; MPKV Rahuri; widely grown in Marathwada.,"Wilt-resistant desi variety; MPKV Rahuri; widely grown in Marathwada.

Scientific name: Cicer arietinum cv. Vijay

Origin: Maharashtra

Taste profile: Earthy, creamy, desi type, medium seed

Marathi name: Vijay Harbhara"
27,Digvijay,Maharashtra,"Good cooking quality, desi type",Cicer arietinum cv. Digvijay,Digvijay Harbhara,High yielding; Marathwada; rust and wilt tolerant.,"High yielding; Marathwada; rust and wilt tolerant.

Scientific name: Cicer arietinum cv. Digvijay

Origin: Maharashtra

Taste profile: Good cooking quality, desi type

Marathi name: Digvijay Harbhara"
27,JAKI-9218,Maharashtra,"Bold kabuli type, white, premium",Cicer arietinum cv. JAKI-9218,JAKI Kabuli Harbhara,"Kabuli chickpea; large white seeds; premium export market; Latur, Osmanabad.","Kabuli chickpea; large white seeds; premium export market; Latur, Osmanabad.

Scientific name: Cicer arietinum cv. JAKI-9218

Origin: Maharashtra

Taste profile: Bold kabuli type, white, premium

Marathi name: JAKI Kabuli Harbhara"
27,Vishal,Maharashtra,"Bold kabuli, creamy white, export quality",Cicer arietinum cv. Vishal,Vishal Kabuli Harbhara,Large-seeded kabuli; Marathwada; grown for export to Middle East and Europe.,"Large-seeded kabuli; Marathwada; grown for export to Middle East and Europe.

Scientific name: Cicer arietinum cv. Vishal

Origin: Maharashtra

Taste profile: Bold kabuli, creamy white, export quality

Marathi name: Vishal Kabuli Harbhara"
28,TAU-1,Maharashtra,"Black seed, bold, good dal quality",Vigna mungo cv. TAU-1,TAU-1 Udid,MPKV Parbhani; widely grown in Marathwada; Kharif; wilt tolerant.,"MPKV Parbhani; widely grown in Marathwada; Kharif; wilt tolerant.

Scientific name: Vigna mungo cv. TAU-1

Origin: Maharashtra

Taste profile: Black seed, bold, good dal quality

Marathi name: TAU-1 Udid"
28,TPU-4,Maharashtra,"Medium black seed, good yield",Vigna mungo cv. TPU-4,TPU-4 Udid,MPKV variety; adapted to Marathwada and Vidarbha.,"MPKV variety; adapted to Marathwada and Vidarbha.

Scientific name: Vigna mungo cv. TPU-4

Origin: Maharashtra

Taste profile: Medium black seed, good yield

Marathi name: TPU-4 Udid"
28,AKU-15,Maharashtra,"Bold black seed, high protein",Vigna mungo cv. AKU-15,AKU Udid,Akola series; Vidarbha; disease-resistant; Kharif.,"Akola series; Vidarbha; disease-resistant; Kharif.

Scientific name: Vigna mungo cv. AKU-15

Origin: Maharashtra

Taste profile: Bold black seed, high protein

Marathi name: AKU Udid"
29,JL-3,Maharashtra,"Orange-red split, mild earthy flavour",Lens culinaris cv. JL-3,JL-3 Masur,MPKV Parbhani; adapted to Marathwada; Rabi; medium yield.,"MPKV Parbhani; adapted to Marathwada; Rabi; medium yield.

Scientific name: Lens culinaris cv. JL-3

Origin: Maharashtra

Taste profile: Orange-red split, mild earthy flavour

Marathi name: JL-3 Masur"
29,JL-1,Maharashtra,"Medium brown seed, good quality split",Lens culinaris cv. JL-1,JL-1 Masur,Earlier release; Marathwada; good cooking quality.,"Earlier release; Marathwada; good cooking quality.

Scientific name: Lens culinaris cv. JL-1

Origin: Maharashtra

Taste profile: Medium brown seed, good quality split

Marathi name: JL-1 Masur"
29,KLS-218,Maharashtra,"Brown-red seed, good yield",Lens culinaris cv. KLS-218,KLS-218 Masur,"MPKV variety; Latur, Osmanabad; rust-tolerant.","MPKV variety; Latur, Osmanabad; rust-tolerant.

Scientific name: Lens culinaris cv. KLS-218

Origin: Maharashtra

Taste profile: Brown-red seed, good yield

Marathi name: KLS-218 Masur"
30,JS-335,Madhya Pradesh/Maharashtra,"Neutral, beany, high protein and oil",Glycine max cv. JS-335,JS-335 Soya,Most widely grown variety in Maharashtra for decades; Vidarbha and Marathwada; good yield and oil content.,"Most widely grown variety in Maharashtra for decades; Vidarbha and Marathwada; good yield and oil content.

Scientific name: Glycine max cv. JS-335

Origin: Madhya Pradesh/Maharashtra

Taste profile: Neutral, beany, high protein and oil

Marathi name: JS-335 Soya"
30,JS-9305,India,"High yield, good oil content",Glycine max cv. JS-9305,JS-9305 Soya,Improved variety; Vidarbha; pod shatter resistant; Kharif.,"Improved variety; Vidarbha; pod shatter resistant; Kharif.

Scientific name: Glycine max cv. JS-9305

Origin: India

Taste profile: High yield, good oil content

Marathi name: JS-9305 Soya"
30,MAUS-71,Maharashtra,"High yield, good protein content",Glycine max cv. MAUS-71,MAUS-71 Soya,MPKV Rahuri; widely adapted to Maharashtra; moderate disease resistance.,"MPKV Rahuri; widely adapted to Maharashtra; moderate disease resistance.

Scientific name: Glycine max cv. MAUS-71

Origin: Maharashtra

Taste profile: High yield, good protein content

Marathi name: MAUS-71 Soya"
30,MAUS-158,Maharashtra,"High yield, lodging resistant",Glycine max cv. MAUS-158,MAUS-158 Soya,Latest MPKV variety; improved pod-shatter resistance; Maharashtra.,"Latest MPKV variety; improved pod-shatter resistance; Maharashtra.

Scientific name: Glycine max cv. MAUS-158

Origin: Maharashtra

Taste profile: High yield, lodging resistant

Marathi name: MAUS-158 Soya"
31,JL-24,Maharashtra,"Rich nutty flavour, high oil, Spanish type",Arachis hypogaea cv. JL-24,JL-24 Shengdana,"Most popular in Maharashtra; MPKV Junnar; Spanish bunch; widely grown in Vidarbha, Nashik; short duration.","Most popular in Maharashtra; MPKV Junnar; Spanish bunch; widely grown in Vidarbha, Nashik; short duration.

Scientific name: Arachis hypogaea cv. JL-24

Origin: Maharashtra

Taste profile: Rich nutty flavour, high oil, Spanish type

Marathi name: JL-24 Shengdana"
31,TAG-24,India,"Good oil content, bold kernel, Spanish",Arachis hypogaea cv. TAG-24,TAG-24 Shengdana,"Tilakar Agri; drought-tolerant; Marathwada, Vidarbha; Kharif.","Tilakar Agri; drought-tolerant; Marathwada, Vidarbha; Kharif.

Scientific name: Arachis hypogaea cv. TAG-24

Origin: India

Taste profile: Good oil content, bold kernel, Spanish

Marathi name: TAG-24 Shengdana"
31,SB-11,Maharashtra,"High yield, good kernel recovery",Arachis hypogaea cv. SB-11,SB-11 Shengdana,MPKV variety; Nashik and Ahmednagar; drought tolerant.,"MPKV variety; Nashik and Ahmednagar; drought tolerant.

Scientific name: Arachis hypogaea cv. SB-11

Origin: Maharashtra

Taste profile: High yield, good kernel recovery

Marathi name: SB-11 Shengdana"
31,Phule Pragati,Maharashtra,"Bold kernel, high oil, good yield",Arachis hypogaea cv. Phule Pragati,Phule Pragati Shengdana,MPKV Rahuri; improved variety; dual purpose (oil + fresh nut); Maharashtra.,"MPKV Rahuri; improved variety; dual purpose (oil + fresh nut); Maharashtra.

Scientific name: Arachis hypogaea cv. Phule Pragati

Origin: Maharashtra

Taste profile: Bold kernel, high oil, good yield

Marathi name: Phule Pragati Shengdana"
32,AKT-64,Maharashtra,"White seed, nutty, high oil (50–54%)",Sesamum indicum cv. AKT-64,AKT-64 Til,Akola series; Vidarbha and Marathwada; white-seeded; high oil; good export quality.,"Akola series; Vidarbha and Marathwada; white-seeded; high oil; good export quality.

Scientific name: Sesamum indicum cv. AKT-64

Origin: Maharashtra

Taste profile: White seed, nutty, high oil (50–54%)

Marathi name: AKT-64 Til"
32,JLT-7,Maharashtra,"White seed, good oil content",Sesamum indicum cv. JLT-7,JLT-7 Til,MPKV Jalgaon variety; North Maharashtra; Kharif; medium yield.,"MPKV Jalgaon variety; North Maharashtra; Kharif; medium yield.

Scientific name: Sesamum indicum cv. JLT-7

Origin: Maharashtra

Taste profile: White seed, good oil content

Marathi name: JLT-7 Til"
32,Phule Til-1,Maharashtra,"White seed, high oil, improved variety",Sesamum indicum cv. Phule Til-1,Phule Til,MPKV Rahuri; widely recommended for Maharashtra; good yield under rainfed conditions.,"MPKV Rahuri; widely recommended for Maharashtra; good yield under rainfed conditions.

Scientific name: Sesamum indicum cv. Phule Til-1

Origin: Maharashtra

Taste profile: White seed, high oil, improved variety

Marathi name: Phule Til"
33,Morden,Canada/Maharashtra,"High oil content, open-pollinated",Helianthus annuus cv. Morden,Morden Suryafool,OPV; adapted to dry conditions in Marathwada; medium height; good oil (40–45%).,"OPV; adapted to dry conditions in Marathwada; medium height; good oil (40–45%).

Scientific name: Helianthus annuus cv. Morden

Origin: Canada/Maharashtra

Taste profile: High oil content, open-pollinated

Marathi name: Morden Suryafool"
33,KBSH-1,Karnataka/Maharashtra,"High oil (42–45%), hybrid, high yield",Helianthus annuus cv. KBSH-1,KBSH-1 Suryafool,"Hybrid; UASD Dharwad; most popular sunflower hybrid in Maharashtra; Solapur, Latur.","Hybrid; UASD Dharwad; most popular sunflower hybrid in Maharashtra; Solapur, Latur.

Scientific name: Helianthus annuus cv. KBSH-1

Origin: Karnataka/Maharashtra

Taste profile: High oil (42–45%), hybrid, high yield

Marathi name: KBSH-1 Suryafool"
33,KBSH-44,Karnataka/Maharashtra,"Very high oil, large head, hybrid",Helianthus annuus cv. KBSH-44,KBSH-44 Suryafool,Improved hybrid; UASD; downy mildew resistant; Maharashtra dry zones.,"Improved hybrid; UASD; downy mildew resistant; Maharashtra dry zones.

Scientific name: Helianthus annuus cv. KBSH-44

Origin: Karnataka/Maharashtra

Taste profile: Very high oil, large head, hybrid

Marathi name: KBSH-44 Suryafool"
34,Co-86032,Maharashtra,"High sugar (CCS 12–13%), medium-thick cane",Saccharum officinarum cv. Co-86032,Co-86032 Oos,"Most widely grown variety in Maharashtra sugar belt; high sucrose; Pune, Satara, Sangli, Kolhapur.","Most widely grown variety in Maharashtra sugar belt; high sucrose; Pune, Satara, Sangli, Kolhapur.

Scientific name: Saccharum officinarum cv. Co-86032

Origin: Maharashtra

Taste profile: High sugar (CCS 12–13%), medium-thick cane

Marathi name: Co-86032 Oos"
34,CoC-671 (Karuppan),Tamil Nadu/Maharashtra,"Very high sugar, thick cane",Saccharum officinarum cv. CoC-671,CoC-671 Oos,Red cane; high CCS; drought-tolerant; Marathwada and Solapur belt.,"Red cane; high CCS; drought-tolerant; Marathwada and Solapur belt.

Scientific name: Saccharum officinarum cv. CoC-671

Origin: Tamil Nadu/Maharashtra

Taste profile: Very high sugar, thick cane

Marathi name: CoC-671 Oos"
34,Co-94012,Maharashtra,"High yield, high sugar, thin-medium cane",Saccharum officinarum cv. Co-94012,Co-94012 Oos,"Developed for Maharashtra; resistant to red rot; Nashik, Ahmednagar, Pune.","Developed for Maharashtra; resistant to red rot; Nashik, Ahmednagar, Pune.

Scientific name: Saccharum officinarum cv. Co-94012

Origin: Maharashtra

Taste profile: High yield, high sugar, thin-medium cane

Marathi name: Co-94012 Oos"
34,Phule-265 (VSI-434),Maharashtra,"High sugar, high yield, mid-late variety",Saccharum officinarum cv. Phule-265,Phule Oos,"Developed at Vasantdada Sugar Institute, Pune; ideal for cooperative factories; Pune, Satara.","Developed at Vasantdada Sugar Institute, Pune; ideal for cooperative factories; Pune, Satara.

Scientific name: Saccharum officinarum cv. Phule-265

Origin: Maharashtra

Taste profile: High sugar, high yield, mid-late variety

Marathi name: Phule Oos"
34,Co-740,Maharashtra,"Early maturity, good sugar recovery",Saccharum officinarum cv. Co-740,Co-740 Oos,Early variety; once the most grown in Maharashtra; being replaced by newer hybrids.,"Early variety; once the most grown in Maharashtra; being replaced by newer hybrids.

Scientific name: Saccharum officinarum cv. Co-740

Origin: Maharashtra

Taste profile: Early maturity, good sugar recovery

Marathi name: Co-740 Oos"
34,MS-10001 (Phule Mahadhan),Maharashtra,"Very high yield, high CCS",Saccharum officinarum cv. MS-10001,Phule Mahadhan Oos,"Latest high-yield release by MPKV and VSI; Pune, Satara, Sangli; water-efficient under drip.","Latest high-yield release by MPKV and VSI; Pune, Satara, Sangli; water-efficient under drip.

Scientific name: Saccharum officinarum cv. MS-10001

Origin: Maharashtra

Taste profile: Very high yield, high CCS

Marathi name: Phule Mahadhan Oos"
35,Bhima Raj,Maharashtra,"Mild-pungent, red-purple, firm, long shelf life",Allium cepa cv. Bhima Raj,Bhima Raj Kanda,"ICAR-DOGR Pune; most popular commercial variety; excellent storage and export quality; Nashik, Pune, Ahmednagar; Rabi.","ICAR-DOGR Pune; most popular commercial variety; excellent storage and export quality; Nashik, Pune, Ahmednagar; Rabi.

Scientific name: Allium cepa cv. Bhima Raj

Origin: Maharashtra

Taste profile: Mild-pungent, red-purple, firm, long shelf life

Marathi name: Bhima Raj Kanda"
35,Bhima Super,Maharashtra,"Pungent, dark red, globular, good yield",Allium cepa cv. Bhima Super,Bhima Super Kanda,"ICAR-DOGR; high yield; Rabi and Late Kharif; good storage; Nashik, Solapur.","ICAR-DOGR; high yield; Rabi and Late Kharif; good storage; Nashik, Solapur.

Scientific name: Allium cepa cv. Bhima Super

Origin: Maharashtra

Taste profile: Pungent, dark red, globular, good yield

Marathi name: Bhima Super Kanda"
35,Bhima Kiran,Maharashtra,"Pungent, reddish, high yield, Kharif",Allium cepa cv. Bhima Kiran,Bhima Kiran Kanda,"Kharif/Late Kharif specialist; ICAR-DOGR; resistant to purple blotch; Pune, Nashik.","Kharif/Late Kharif specialist; ICAR-DOGR; resistant to purple blotch; Pune, Nashik.

Scientific name: Allium cepa cv. Bhima Kiran

Origin: Maharashtra

Taste profile: Pungent, reddish, high yield, Kharif

Marathi name: Bhima Kiran Kanda"
35,N-2-4-1 (NHRDF),Maharashtra,"Mild pungent, red, medium bulb, Rabi",Allium cepa cv. N-2-4-1,N-2-4-1 Kanda,NHRDF variety; popular for Rabi; Maharashtra and Karnataka; export quality; Nashik.,"NHRDF variety; popular for Rabi; Maharashtra and Karnataka; export quality; Nashik.

Scientific name: Allium cepa cv. N-2-4-1

Origin: Maharashtra

Taste profile: Mild pungent, red, medium bulb, Rabi

Marathi name: N-2-4-1 Kanda"
35,Agrifound Light Red,Maharashtra,"Mild pungent, light red, good export",Allium cepa cv. Agrifound Light Red,Phikka Lal Kanda,"NHRDF; light-red colour preferred in Europe; export-grade; Nashik, Pune.","NHRDF; light-red colour preferred in Europe; export-grade; Nashik, Pune.

Scientific name: Allium cepa cv. Agrifound Light Red

Origin: Maharashtra

Taste profile: Mild pungent, light red, good export

Marathi name: Phikka Lal Kanda"
35,Phule Samarth,Maharashtra,"Pungent, deep red, high yield, hybrid",Allium cepa cv. Phule Samarth,Phule Samarth Kanda,MPKV Rahuri F1 hybrid; very high yield; Rabi; excellent storage; recommended for export belt.,"MPKV Rahuri F1 hybrid; very high yield; Rabi; excellent storage; recommended for export belt.

Scientific name: Allium cepa cv. Phule Samarth

Origin: Maharashtra

Taste profile: Pungent, deep red, high yield, hybrid

Marathi name: Phule Samarth Kanda"
35,Nasik Red (Local),Maharashtra,"Very pungent, classic red, traditional variety",Allium cepa (local landrace),Nashik Lal Kanda,Traditional Nashik landrace; smaller bulb; intense flavour; preferred in domestic market and for export dehydration.,"Traditional Nashik landrace; smaller bulb; intense flavour; preferred in domestic market and for export dehydration.

Scientific name: Allium cepa (local landrace)

Origin: Maharashtra

Taste profile: Very pungent, classic red, traditional variety

Marathi name: Nashik Lal Kanda"
36,Phule Raja,Maharashtra,"Firm, red, medium-large, good shelf life",Solanum lycopersicum cv. Phule Raja,Phule Raja Tomato,MPKV Rahuri; popular commercial variety; suitable for fresh market and processing; Maharashtra Rabi/summer.,"MPKV Rahuri; popular commercial variety; suitable for fresh market and processing; Maharashtra Rabi/summer.

Scientific name: Solanum lycopersicum cv. Phule Raja

Origin: Maharashtra

Taste profile: Firm, red, medium-large, good shelf life

Marathi name: Phule Raja Tomato"
36,Namdhari NS-5252,Maharashtra,"Firm, uniform red, hybrid, long shelf life",Solanum lycopersicum cv. NS-5252,NS-5252 Tomato,"Namdhari Seeds F1 hybrid; widely grown in Nashik, Pune; good for transport and export.","Namdhari Seeds F1 hybrid; widely grown in Nashik, Pune; good for transport and export.

Scientific name: Solanum lycopersicum cv. NS-5252

Origin: Maharashtra

Taste profile: Firm, uniform red, hybrid, long shelf life

Marathi name: NS-5252 Tomato"
36,Syngenta Naveen,Maharashtra,"Bright red, firm, medium, disease tolerant",Solanum lycopersicum cv. Naveen,Naveen Tomato,"Popular hybrid; resistance to ToMV; Nashik, Satara; early bearing.","Popular hybrid; resistance to ToMV; Nashik, Satara; early bearing.

Scientific name: Solanum lycopersicum cv. Naveen

Origin: Maharashtra

Taste profile: Bright red, firm, medium, disease tolerant

Marathi name: Naveen Tomato"
36,Pusa Ruby,India,"Medium red, slightly acidic, open-pollinated",Solanum lycopersicum cv. Pusa Ruby,Pusa Ruby Tomato,"IARI variety; OPV; widely grown; Nashik, Pune; good for home gardens and subsistence farming.","IARI variety; OPV; widely grown; Nashik, Pune; good for home gardens and subsistence farming.

Scientific name: Solanum lycopersicum cv. Pusa Ruby

Origin: India

Taste profile: Medium red, slightly acidic, open-pollinated

Marathi name: Pusa Ruby Tomato"
36,Arka Vikas,Maharashtra,"Large, red, firm, good yield, OPV",Solanum lycopersicum cv. Arka Vikas,Arka Vikas Tomato,IIHR Bengaluru; adapted to Maharashtra; suitable for rainy season; wilt-tolerant.,"IIHR Bengaluru; adapted to Maharashtra; suitable for rainy season; wilt-tolerant.

Scientific name: Solanum lycopersicum cv. Arka Vikas

Origin: Maharashtra

Taste profile: Large, red, firm, good yield, OPV

Marathi name: Arka Vikas Tomato"
37,Sathgudi,Andhra Pradesh/Maharashtra,"Mildly sweet, very juicy, thin skin",Citrus limetta cv. Sathgudi,Sathgudi Mosambi,"Most widely grown Mosambi variety in Maharashtra; Solapur, Osmanabad; high juice content; year-round availability.","Most widely grown Mosambi variety in Maharashtra; Solapur, Osmanabad; high juice content; year-round availability.

Scientific name: Citrus limetta cv. Sathgudi

Origin: Andhra Pradesh/Maharashtra

Taste profile: Mildly sweet, very juicy, thin skin

Marathi name: Sathgudi Mosambi"
37,Phule Mosambi-1,Maharashtra,"Sweet, juicy, good rind colour",Citrus limetta cv. Phule Mosambi-1,Phule Mosambi,MPKV Rahuri developed; suitable for Maharashtra's dry zones; good adaptation.,"MPKV Rahuri developed; suitable for Maharashtra's dry zones; good adaptation.

Scientific name: Citrus limetta cv. Phule Mosambi-1

Origin: Maharashtra

Taste profile: Sweet, juicy, good rind colour

Marathi name: Phule Mosambi"
37,Seedless Mosambi (Local),Maharashtra,"Sweet, nearly seedless, smooth skin",Citrus limetta (seedless type),Bijrahit Mosambi,Seedless selections grown in Pune and Solapur; premium market; limited production.,"Seedless selections grown in Pune and Solapur; premium market; limited production.

Scientific name: Citrus limetta (seedless type)

Origin: Maharashtra

Taste profile: Sweet, nearly seedless, smooth skin

Marathi name: Bijrahit Mosambi"
38,Yamuna Safed (G-1),India,"Strongly pungent, white, large cloves",Allium sativum cv. Yamuna Safed,Yamuna Safed Lasun,"NHRDF variety; most popular in Maharashtra; large white bulb; good storage; Nashik, Pune.","NHRDF variety; most popular in Maharashtra; large white bulb; good storage; Nashik, Pune.

Scientific name: Allium sativum cv. Yamuna Safed

Origin: India

Taste profile: Strongly pungent, white, large cloves

Marathi name: Yamuna Safed Lasun"
38,Phule Bahugunak,Maharashtra,"Very pungent, big bulb, long shelf life",Allium sativum cv. Phule Bahugunak,Phule Bahugunak Lasun,"MPKV Rahuri; specifically bred for Maharashtra conditions; high yield; Nashik, Satara.","MPKV Rahuri; specifically bred for Maharashtra conditions; high yield; Nashik, Satara.

Scientific name: Allium sativum cv. Phule Bahugunak

Origin: Maharashtra

Taste profile: Very pungent, big bulb, long shelf life

Marathi name: Phule Bahugunak Lasun"
38,Agrifound White (G-41),Maharashtra,"Pungent, white, medium bulb, export quality",Allium sativum cv. G-41,Safed Lasun,"NHRDF; export-grade white garlic; Maharashtra and Rajasthan; Nashik, Solapur.","NHRDF; export-grade white garlic; Maharashtra and Rajasthan; Nashik, Solapur.

Scientific name: Allium sativum cv. G-41

Origin: Maharashtra

Taste profile: Pungent, white, medium bulb, export quality

Marathi name: Safed Lasun"
38,Desi Kali (Local Black Garlic),Maharashtra,"Strongly pungent, purple-tinged cloves",Allium sativum (local landrace),Desi Kali Lasun,Indigenous variety; smaller bulb; intense flavour; drought tolerant; grown without irrigation in Marathwada.,"Indigenous variety; smaller bulb; intense flavour; drought tolerant; grown without irrigation in Marathwada.

Scientific name: Allium sativum (local landrace)

Origin: Maharashtra

Taste profile: Strongly pungent, purple-tinged cloves

Marathi name: Desi Kali Lasun"
39,Sangli Turmeric (Erande/Rajapuri),Maharashtra,"High curcumin (>4.5%), intense golden, earthy-bitter",Curcuma longa cv. Rajapuri,Sangli Halad,"GI-tagged; grown in Sangli, Kolhapur, Satara; premium price; thick rhizome; dry and polished for export. Best curcumin content in world.","GI-tagged; grown in Sangli, Kolhapur, Satara; premium price; thick rhizome; dry and polished for export. Best curcumin content in world.

Scientific name: Curcuma longa cv. Rajapuri

Origin: Maharashtra

Taste profile: High curcumin (>4.5%), intense golden, earthy-bitter

Marathi name: Sangli Halad"
39,Phule Swarnim,Maharashtra,"High curcumin, good yield, improved variety",Curcuma longa cv. Phule Swarnim,Phule Swarnim Halad,"MPKV Rahuri; specifically bred for Maharashtra; high curcumin and yield; Sangli, Satara.","MPKV Rahuri; specifically bred for Maharashtra; high curcumin and yield; Sangli, Satara.

Scientific name: Curcuma longa cv. Phule Swarnim

Origin: Maharashtra

Taste profile: High curcumin, good yield, improved variety

Marathi name: Phule Swarnim Halad"
39,Selam,Tamil Nadu/Maharashtra,"Medium curcumin, round finger, good yield",Curcuma longa cv. Salem,Salem Halad,"Salem type; popular in Pune, Nashik; early maturing; bright yellow colour.","Salem type; popular in Pune, Nashik; early maturing; bright yellow colour.

Scientific name: Curcuma longa cv. Salem

Origin: Tamil Nadu/Maharashtra

Taste profile: Medium curcumin, round finger, good yield

Marathi name: Salem Halad"
39,Sugandham,Maharashtra,"Aromatic, high oil, good curcumin",Curcuma longa cv. Sugandham,Sugandhi Halad,Aromatic variety; IISR Kozhikode; adapted to Maharashtra; good for value-added products.,"Aromatic variety; IISR Kozhikode; adapted to Maharashtra; good for value-added products.

Scientific name: Curcuma longa cv. Sugandham

Origin: Maharashtra

Taste profile: Aromatic, high oil, good curcumin

Marathi name: Sugandhi Halad"
39,Pratibha,Maharashtra,"High curcumin (4–5%), bold rhizome",Curcuma longa cv. Pratibha,Pratibha Halad,MPKV variety; Sangli and Kolhapur; high export value; disease-tolerant.,"MPKV variety; Sangli and Kolhapur; high export value; disease-tolerant.

Scientific name: Curcuma longa cv. Pratibha

Origin: Maharashtra

Taste profile: High curcumin (4–5%), bold rhizome

Marathi name: Pratibha Halad"
40,Kolhapuri Chilli (Lavangi),Maharashtra,"Extremely hot, deep red, smoky-earthy",Capsicum annuum cv. Lavangi,Lavangi Mirchi,"GI-tagged; Kolhapur and Sangli; small, thin chilli; very high Scoville (>100,000 SHU); essential for Kolhapuri masala and dry red chilli powder; prized export variety.","GI-tagged; Kolhapur and Sangli; small, thin chilli; very high Scoville (>100,000 SHU); essential for Kolhapuri masala and dry red chilli powder; prized export variety.

Scientific name: Capsicum annuum cv. Lavangi

Origin: Maharashtra

Taste profile: Extremely hot, deep red, smoky-earthy

Marathi name: Lavangi Mirchi"
40,Phule Jyoti,Maharashtra,"Medium hot, bright red, high yield",Capsicum annuum cv. Phule Jyoti,Phule Jyoti Mirchi,MPKV Rahuri; popular commercial variety; Maharashtra Kharif; good for fresh and dry use.,"MPKV Rahuri; popular commercial variety; Maharashtra Kharif; good for fresh and dry use.

Scientific name: Capsicum annuum cv. Phule Jyoti

Origin: Maharashtra

Taste profile: Medium hot, bright red, high yield

Marathi name: Phule Jyoti Mirchi"
40,Byadgi Chilli,Karnataka/Maharashtra,"Mildly hot, deep red, high colour (ASTA)",Capsicum annuum cv. Byadgi,Byadgi Mirchi,Grown in Aurangabad and Osmanabad; bright colour without high pungency; ideal for colour-extraction and masala powders; high export demand.,"Grown in Aurangabad and Osmanabad; bright colour without high pungency; ideal for colour-extraction and masala powders; high export demand.

Scientific name: Capsicum annuum cv. Byadgi

Origin: Karnataka/Maharashtra

Taste profile: Mildly hot, deep red, high colour (ASTA)

Marathi name: Byadgi Mirchi"
40,Kashmiri Chilli (Maharashtra Grown),Maharashtra,"Very mild, deep red, high colour",Capsicum annuum cv. K-2,Kashmiri Mirchi,"Low-pungency variety grown in Maharashtra for colour; used in tandoori, butter chicken; Nashik and Aurangabad.","Low-pungency variety grown in Maharashtra for colour; used in tandoori, butter chicken; Nashik and Aurangabad.

Scientific name: Capsicum annuum cv. K-2

Origin: Maharashtra

Taste profile: Very mild, deep red, high colour

Marathi name: Kashmiri Mirchi"
40,Arka Meghana,Maharashtra,"Hot, bold red fruit, high yield, hybrid",Capsicum annuum cv. Arka Meghana,Arka Meghana Mirchi,"IIHR Bengaluru F1 hybrid; adapted to Maharashtra; wilt and virus resistant; Nashik, Pune.","IIHR Bengaluru F1 hybrid; adapted to Maharashtra; wilt and virus resistant; Nashik, Pune.

Scientific name: Capsicum annuum cv. Arka Meghana

Origin: Maharashtra

Taste profile: Hot, bold red fruit, high yield, hybrid

Marathi name: Arka Meghana Mirchi"
40,Pusa Jwala,India,"Very hot, green to red, thin-walled, aromatic",Capsicum annuum cv. Pusa Jwala,Pusa Jwala Mirchi,"IARI variety; widely grown across Maharashtra; popular for fresh green and dry red market; Nashik, Aurangabad.","IARI variety; widely grown across Maharashtra; popular for fresh green and dry red market; Nashik, Aurangabad.

Scientific name: Capsicum annuum cv. Pusa Jwala

Origin: India

Taste profile: Very hot, green to red, thin-walled, aromatic

Marathi name: Pusa Jwala Mirchi"
41,Mahadeo (Local Konkan),Maharashtra,"Very pungent, aromatic, high oil, spicy",Zingiber officinale (local landrace),Konkan Aale,"Traditional high-oil landrace from Western Ghats; Satara, Kolhapur, Sindhudurg; premium dried ginger (Soonth); high gingerol content.","Traditional high-oil landrace from Western Ghats; Satara, Kolhapur, Sindhudurg; premium dried ginger (Soonth); high gingerol content.

Scientific name: Zingiber officinale (local landrace)

Origin: Maharashtra

Taste profile: Very pungent, aromatic, high oil, spicy

Marathi name: Konkan Aale"
41,Suprabha,India (IISR),"Pungent, high yield, good oleoresin",Zingiber officinale cv. Suprabha,Suprabha Aale,ICAR-IISR Kozhikode; adapted to Maharashtra; high yield; good for fresh and processing market.,"ICAR-IISR Kozhikode; adapted to Maharashtra; high yield; good for fresh and processing market.

Scientific name: Zingiber officinale cv. Suprabha

Origin: India (IISR)

Taste profile: Pungent, high yield, good oleoresin

Marathi name: Suprabha Aale"
41,Himgiri,Himachal Pradesh/Maharashtra,"Medium pungent, high yield, large rhizome",Zingiber officinale cv. Himgiri,Himgiri Aale,Adapted to highlands; Satara and Pune hills; good fresh ginger yield.,"Adapted to highlands; Satara and Pune hills; good fresh ginger yield.

Scientific name: Zingiber officinale cv. Himgiri

Origin: Himachal Pradesh/Maharashtra

Taste profile: Medium pungent, high yield, large rhizome

Marathi name: Himgiri Aale"
41,Rio-de-Janeiro,Brazil/Maharashtra,"Mild pungent, plump rhizome, high fresh weight",Zingiber officinale cv. Rio-de-Janeiro,Rio Aale,Low fibre; preferred for fresh vegetable use; grown in Pune and Nashik irrigated areas.,"Low fibre; preferred for fresh vegetable use; grown in Pune and Nashik irrigated areas.

Scientific name: Zingiber officinale cv. Rio-de-Janeiro

Origin: Brazil/Maharashtra

Taste profile: Mild pungent, plump rhizome, high fresh weight

Marathi name: Rio Aale"
42,Pragati,Maharashtra,"Sweet-sour, thick pulp, low seed, high yield",Tamarindus indica cv. Pragati,Pragati Chincha,Improved selection; high pulp-to-seed ratio; Maharashtra's Marathwada belt; grafted plants available from MPKV.,"Improved selection; high pulp-to-seed ratio; Maharashtra's Marathwada belt; grafted plants available from MPKV.

Scientific name: Tamarindus indica cv. Pragati

Origin: Maharashtra

Taste profile: Sweet-sour, thick pulp, low seed, high yield

Marathi name: Pragati Chincha"
42,PKM-1,Tamil Nadu/Maharashtra,"Sour-sweet, fleshy, low fibre, high pulp",Tamarindus indica cv. PKM-1,PKM-1 Chincha,"Tamil Nadu variety adopted in Maharashtra; high yield; early bearing grafted plants; Nashik, Aurangabad.","Tamil Nadu variety adopted in Maharashtra; high yield; early bearing grafted plants; Nashik, Aurangabad.

Scientific name: Tamarindus indica cv. PKM-1

Origin: Tamil Nadu/Maharashtra

Taste profile: Sour-sweet, fleshy, low fibre, high pulp

Marathi name: PKM-1 Chincha"
42,Urigam (Local),Maharashtra,"Sour, traditional, deep brown pulp",Tamarindus indica (local landrace),Sthanik Chincha,Wild-type landraces grown along roads and forest margins; Marathwada; fruiting December–March; traditional harvest.,"Wild-type landraces grown along roads and forest margins; Marathwada; fruiting December–March; traditional harvest.

Scientific name: Tamarindus indica (local landrace)

Origin: Maharashtra

Taste profile: Sour, traditional, deep brown pulp

Marathi name: Sthanik Chincha"
43,Pusa Early Bunching,India,"Mildly bitter, leafy, quick to bolt",Trigonella foenum-graecum cv. Pusa Early Bunching,Lavkar Methi,IARI; popular for fresh leaf market; short duration; Maharashtra Rabi; continuous harvest possible.,"IARI; popular for fresh leaf market; short duration; Maharashtra Rabi; continuous harvest possible.

Scientific name: Trigonella foenum-graecum cv. Pusa Early Bunching

Origin: India

Taste profile: Mildly bitter, leafy, quick to bolt

Marathi name: Lavkar Methi"
43,Kasuri Methi (IARI-PEB),India,"Strongly aromatic, small leaf, dried use",Trigonella foenum-graecum cv. Kasuri,Kasuri Methi,Small-leafed aromatic variety; dried for culinary use; grown in Nashik and Pune; premium quality.,"Small-leafed aromatic variety; dried for culinary use; grown in Nashik and Pune; premium quality.

Scientific name: Trigonella foenum-graecum cv. Kasuri

Origin: India

Taste profile: Strongly aromatic, small leaf, dried use

Marathi name: Kasuri Methi"
43,RMt-1 (Rajasthan),Rajasthan/Maharashtra,"Bitter seeds, good leaf yield",Trigonella foenum-graecum cv. RMt-1,RMt-1 Methi,"Good seed yield; adapted to Maharashtra Rabi; Nashik, Aurangabad; used for seed and fresh leaf both.","Good seed yield; adapted to Maharashtra Rabi; Nashik, Aurangabad; used for seed and fresh leaf both.

Scientific name: Trigonella foenum-graecum cv. RMt-1

Origin: Rajasthan/Maharashtra

Taste profile: Bitter seeds, good leaf yield

Marathi name: RMt-1 Methi"
44,CO-1,Maharashtra,"Aromatic, high leaf yield, fresh market",Coriandrum sativum cv. CO-1,CO-1 Kothimbir,"Tall plant; high green leaf yield; Nashik, Pune, Satara; widely grown for leaf market; successive harvests.","Tall plant; high green leaf yield; Nashik, Pune, Satara; widely grown for leaf market; successive harvests.

Scientific name: Coriandrum sativum cv. CO-1

Origin: Maharashtra

Taste profile: Aromatic, high leaf yield, fresh market

Marathi name: CO-1 Kothimbir"
44,Phule Suvarna,Maharashtra,"Good seed yield, aromatic, dual purpose",Coriandrum sativum cv. Phule Suvarna,Phule Suvarna Kothimbir,MPKV Rahuri; dual-purpose (leaf + seed); Nashik; Rabi; popular with cooperative farms.,"MPKV Rahuri; dual-purpose (leaf + seed); Nashik; Rabi; popular with cooperative farms.

Scientific name: Coriandrum sativum cv. Phule Suvarna

Origin: Maharashtra

Taste profile: Good seed yield, aromatic, dual purpose

Marathi name: Phule Suvarna Kothimbir"
44,Rajendra Swati,Maharashtra,"High seed yield, aromatic, good oil",Coriandrum sativum cv. Rajendra Swati,Rajendra Swati Kothimbir,"RAU Bihar; adapted to Maharashtra; high dhania (seed) yield; Nashik, Aurangabad.","RAU Bihar; adapted to Maharashtra; high dhania (seed) yield; Nashik, Aurangabad.

Scientific name: Coriandrum sativum cv. Rajendra Swati

Origin: Maharashtra

Taste profile: High seed yield, aromatic, good oil

Marathi name: Rajendra Swati Kothimbir"
45,Sugar Baby,USA/Maharashtra,"Very sweet (Brix 10–12), dark green, small round",Citrullus lanatus cv. Sugar Baby,Sugar Baby Kalingad,"Most popular variety in Maharashtra; compact fruit; deep red flesh; sold widely in Nashik, Nashik, Solapur.","Most popular variety in Maharashtra; compact fruit; deep red flesh; sold widely in Nashik, Nashik, Solapur.

Scientific name: Citrullus lanatus cv. Sugar Baby

Origin: USA/Maharashtra

Taste profile: Very sweet (Brix 10–12), dark green, small round

Marathi name: Sugar Baby Kalingad"
45,Arka Manik,India (IIHR),"Sweet, firm red flesh, high yield",Citrullus lanatus cv. Arka Manik,Arka Manik Kalingad,"IIHR Bengaluru; striped green fruit; high sugar; 5–8 kg fruit; Nashik, Aurangabad.","IIHR Bengaluru; striped green fruit; high sugar; 5–8 kg fruit; Nashik, Aurangabad.

Scientific name: Citrullus lanatus cv. Arka Manik

Origin: India (IIHR)

Taste profile: Sweet, firm red flesh, high yield

Marathi name: Arka Manik Kalingad"
45,Phule Indrayani (Seedless),Maharashtra,"Sweet, seedless, crisp",Citrullus lanatus cv. Phule Indrayani,Bijrahit Kalingad,MPKV Rahuri seedless hybrid; premium market; Nashik valley; polliniser plants required.,"MPKV Rahuri seedless hybrid; premium market; Nashik valley; polliniser plants required.

Scientific name: Citrullus lanatus cv. Phule Indrayani

Origin: Maharashtra

Taste profile: Sweet, seedless, crisp

Marathi name: Bijrahit Kalingad"
45,NS-295 (Namdhari),Maharashtra,"Very sweet, oblong, striped, red flesh",Citrullus lanatus cv. NS-295,NS-295 Kalingad,"Namdhari Seeds F1; very high yield; Nashik, Solapur; excellent transport quality; large 8–10 kg fruit.","Namdhari Seeds F1; very high yield; Nashik, Solapur; excellent transport quality; large 8–10 kg fruit.

Scientific name: Citrullus lanatus cv. NS-295

Origin: Maharashtra

Taste profile: Very sweet, oblong, striped, red flesh

Marathi name: NS-295 Kalingad"
46,Arka Rajhans,India (IIHR),"Very sweet, orange flesh, aromatic, netted skin",Cucumis melo cv. Arka Rajhans,Arka Rajhans Kharbuja,IIHR Bengaluru; popular in Maharashtra; cantaloupe type; netted rind; high Brix 12–14.,"IIHR Bengaluru; popular in Maharashtra; cantaloupe type; netted rind; high Brix 12–14.

Scientific name: Cucumis melo cv. Arka Rajhans

Origin: India (IIHR)

Taste profile: Very sweet, orange flesh, aromatic, netted skin

Marathi name: Arka Rajhans Kharbuja"
46,Hara Madhu,India,"Sweet, green flesh, smooth skin",Cucumis melo cv. Hara Madhu,Hara Madhu Kharbuja,Pale green smooth skin; classic Indian muskmelon; grown across Maharashtra; affordable and popular.,"Pale green smooth skin; classic Indian muskmelon; grown across Maharashtra; affordable and popular.

Scientific name: Cucumis melo cv. Hara Madhu

Origin: India

Taste profile: Sweet, green flesh, smooth skin

Marathi name: Hara Madhu Kharbuja"
46,Phule Shreshtha,Maharashtra,"Sweet, high yield, good keeping quality",Cucumis melo cv. Phule Shreshtha,Phule Shreshtha Kharbuja,"MPKV Rahuri; recommended for Maharashtra summer; Nashik, Pune; medium-large fruit.","MPKV Rahuri; recommended for Maharashtra summer; Nashik, Pune; medium-large fruit.

Scientific name: Cucumis melo cv. Phule Shreshtha

Origin: Maharashtra

Taste profile: Sweet, high yield, good keeping quality

Marathi name: Phule Shreshtha Kharbuja"
47,Sai Sharbati,Maharashtra,"Acidic, juicy, thin-skinned, aromatic",Citrus limon cv. Sai Sharbati,Sai Sharbati Limbu,"Popular commercial variety in Maharashtra; Nashik, Pune; high juice content; year-round fruiting.","Popular commercial variety in Maharashtra; Nashik, Pune; high juice content; year-round fruiting.

Scientific name: Citrus limon cv. Sai Sharbati

Origin: Maharashtra

Taste profile: Acidic, juicy, thin-skinned, aromatic

Marathi name: Sai Sharbati Limbu"
47,Phule Saurabh,Maharashtra,"Acidic, aromatic, high juice, soft rind",Citrus limon cv. Phule Saurabh,Phule Saurabh Limbu,"MPKV Rahuri; improved lemon variety; suitable for drip-irrigated orchards; Nashik, Aurangabad.","MPKV Rahuri; improved lemon variety; suitable for drip-irrigated orchards; Nashik, Aurangabad.

Scientific name: Citrus limon cv. Phule Saurabh

Origin: Maharashtra

Taste profile: Acidic, aromatic, high juice, soft rind

Marathi name: Phule Saurabh Limbu"
47,Seedless Lime,Maharashtra,"Acidic, thin-skinned, nearly seedless",Citrus aurantiifolia (seedless type),Bijrahit Limbu,Acid lime type; Konkan and Pune; very popular for household use and street food vendors.,"Acid lime type; Konkan and Pune; very popular for household use and street food vendors.

Scientific name: Citrus aurantiifolia (seedless type)

Origin: Maharashtra

Taste profile: Acidic, thin-skinned, nearly seedless

Marathi name: Bijrahit Limbu"
47,Eureka Lemon,USA/Maharashtra,"Strongly acidic, aromatic, thick-skinned",Citrus limon cv. Eureka,Eureka Limbu,Introduced variety; grown in Nashik and Pune; export-quality large lemon; increasing adoption.,"Introduced variety; grown in Nashik and Pune; export-quality large lemon; increasing adoption.

Scientific name: Citrus limon cv. Eureka

Origin: USA/Maharashtra

Taste profile: Strongly acidic, aromatic, thick-skinned

Marathi name: Eureka Limbu"